Species Name,Common Name,GRANK,SRANK,FEDERAL,STATE
Aconitum uncinatum blue,monkshood,G4,S1,,SE
Actaea rubifolia,Appalachian bugbane,G3,S1,,SE
Actaea rubra,ssp. rubra red baneberry,G5T5,S1,,SE
Adlumia fungosa climbing,fumatory,G4,SX,,SX
Agalinis auriculata earleaf,foxglove,G3,S2,,ST
Agalinis gattingeri roundstem,foxglove,G4,S3,,ST
Agalinis skinneriana pale,false foxglove,G3G4,S2,,ST
Amelanchier humilis running,serviceberry,G5,S1,,SE
Ammophila breviligulata,American beachgrass,G5,S2,,ST
Anaphalis margaritacea pearly,everlasting,G5,SX,,SX
Andersonglossum boreale northern,wild comfrey,G5T4T5,SX,,SX
Andromeda glaucophylla bog,rosemary,G5T5,S2,,ST
Androsace occidentalis western,rockjasmine,G5,S2,,ST
Anemone caroliniana,Carolina anemone,G5,SX,,SX
Anticlea elegans,var. glaucus white camas,G5T4T5,S3,,ST
Arabis patens,Spreading Rockcress,G3,S1,,SE
Aralia hispida bristly,sarsaparilla,G5,S1,,SE
Arctostaphylos uva-ursi,bearberry,G5,S3,,ST
Arethusa bulbosa,swamp-pink,G5,SX,,SX
Aristida tuberculosa seabeach,needlegrass,G4,S3,,ST
Asclepias meadii,Mead's milkweed,G2,SX,T,
Asclepias viridis green,milkweed,G4G5,S1,,SE
Asplenium bradleyi,Bradley's spleenwort,G4,S1,,SE
Asplenium montanum mountain,spleenwort,G5,S1,,SE
Asplenium resiliens black-stem,spleenwort,G5,S2,,ST
Asplenium ruta-muraria wallrue,spleenwort,G5,S3,,ST
Astragalus tennesseensis,Tennessee milk-vetch,G3,SX,,
Aureolaria grandiflora,var. pulchra large-flower false-foxglove,G4G5T4T5,SX,,SX
Azolla caroliniana,Carolina mosquito-fern,G5,S3,,ST
Bacopa rotundifolia roundleaf,water-hyssop,G5,S2,,ST
Baptisia australis,var. australis blue wild indigo,G3G4,S1S2,,SE
Berberis canadensis,American barberry,G3G4,S1,,SE
Besseya bullii kitten,tails,G3,S1,,SE
Betula papyrifera paper,birch,G5,S3,,ST
Bidens beckii,Beck's water-marigold,G5,S1,,SE
Boechera grahamii,Graham's rockcress,G5,S1,,SE
Boechera stricta,Drummond's rockcress,G5,S1,,SE
Borodinia missouriensis green,rockcress,G5,S1,,SE
Botrychium matricariifolium chamomile,grape-fern,G5,S3,,ST
Botrychium simplex least,grape-fern,G5,S1,,SE
Brachyelytrum aristosum northern,shorthusk,G5,S1,,SE
Bryoxiphium norvegicum sword,moss,G5?,SU,,ST
Buchnera americana,bluehearts,G4?,S1,,SE
Cakile edentula,var. lacustris American searocket,G5T3T5,S1S2,,ST
Calamagrostis porteri,ssp. insperata reed bent grass,G4T3,S1,,SE
Calamagrostis porteri,ssp. porteri Porter's reedgrass,G4T4,S1,,SE
Calla palustris wild,calla,G5,S1,,SE
Callirhoe triangulata clustered,poppy-mallow,G3,S1,,SE
Calopogon oklahomensis,Oklahoma grass-pink,G2,SX,,SX
Calycocarpum lyonii,cup-seed,G5,S2,,ST
Calylophus serrulatus yellow,sundrops,G5,S1,,SE
Camassia angusta wild,hyacinth,G5?Q,S1,,SE
Campylopus flexuosus rusty,swan-neck moss,G5?,SU,,SE
Capnoides sempervirens pale,corydalis,G5,S1,,SE
Cardamine dentata cuckoo,flower,G5,S3,,ST
Cardamine dissecta,Divided Toothwort,G4?,S1,,SE
Carex alopecoidea foxtail,sedge,G5,S1,,SE
Carex arctata black,sedge,G5,S1,,SE
Carex atherodes awned,sedge,G5,S2S3,,ST
Carex atlantica,ssp. atlantica Atlantic sedge,G5T5,S2,,ST
Carex atlantica,ssp. capillacea Howe's sedge,G5T5,S1,,SE
Carex aureolensis land,of gold sedge,GNR,S1,,SE
Carex brunnescens brownish,sedge,G5,S2,,ST
Carex bushii,Bush's sedge,G5,S2,,ST
Carex castanea chestnut,colored sedge,G5,S1,,SE
Carex chordorrhiza creeping,sedge,G5,S1,,SE
Carex conoidea prairie,gray sedge,G5,S2,,ST
Carex crawei,Crawe's sedge,G5,S2,,ST
Carex cumulata clustered,sedge,G4G5,S1,,SE
Carex decomposita cypress-knee,sedge,G3G4,S2,,ST
Carex disperma softleaf,sedge,G5,S1,,SE
Carex eburnea ebony,sedge,G5,S3,,ST
Carex echinata,ssp. echinata little prickly sedge,G5T5,S1,,SE
Carex flava yellow,sedge,G5,S2,,ST
Carex folliculata long,sedge,G5,S3,,ST
Carex garberi elk,sedge,G5,S1,,SE
Carex gigantea large,sedge,G4,S1,,SE
Carex gravida heavy,sedge,G5,S1,,SE
Carex inops,ssp. heliophila sun sedge,G5T5,S1,,SE
Carex leptonervia finely-nerved,sedge,G5,S1,,SE
Carex limosa mud,sedge,G5,S1,,SE
Carex livida livid,sedge,G5,S1,,SE
Carex lupuliformis false,hop sedge,G5,S2,,ST
Carex missouriensis,Missouri sedge,G4,SX,,SX
Carex oklahomensis,Oklahoma sedge,G4,S1,,SE
Carex pauciflora few-flower,sedge,G5,SX,,SX
Carex projecta necklace,sedge,G5,S2,,SE
Carex pseudocyperus cyperus-like,sedge,G5,S1,,SE
Carex retrorsa retrorse,sedge,G5,S1,,SE
Carex richardsonii,Richardson's sedge,G5,S1,,SE
Carex scabrata rough,sedge,G5,S1,,SE
Carex seorsa weak,stellate sedge,G5?,S3,,ST
Carex socialis social,sedge,G4,S2,,ST
Carex straminea straw,sedge,G4,S2,,ST
Carex timida timid,sedge,G2G4,S1,,SE
Carex trisperma three-seeded,sedge,G5,S2S3,,ST
Carex viridistellata green,star sedge,G2G3,S1,,SE
Carya pallida sand,hickory,G5,S1,,SE
Castanea dentata,American chestnut,G3,S1,,SE
Caulophyllum giganteum giant,blue cohosh,G4G5,S1,,SE
Ceanothus herbaceus prairie,redroot,G5,S1,,SE
Chaerophyllum shortii wild,chervil,G5T3T4Q,S2,,ST
Chamaelirium luteum,devil's-bit,G4G5,S1,,SE
Chamaenerion angustifolium,ssp. fireweed,G5T5,S1,,SE
Chimaphila umbellata,ssp. cisatlantica pipsissewa,G5T5,S1,,SE
Chrysosplenium americanum,American golden-saxifrage,G5,S2,,ST
Circaea alpina small,enchanter's nightshade,G5,SX,,SX
Cirsium carolinianum,Carolina thistle,G5,S3,,ST
Cirsium hillii,Hill's thistle,G3,S1,,SE
Cirsium pitcheri dune,thistle,G3,S1,T,SE
Cladrastis kentukea,yellowwood,G4,S1,,SE
Clematis pitcheri,Pitcher's leather-flower,G4G5,S3,,ST
Clinopodium arkansanum,calamint,G5,S2,,ST
Clintonia borealis,Clinton's lily,G5,S1,,SE
Coleataenia longifolia,ssp. longifolia long-leaved panic-grass,G5T5?,S1,,SE
Conioselinum chinense hemlock,parsley,G5,S1,,SE
Coptis trifolia,var. groenlandica goldthread,G5T5,S3,,ST
Corallorhiza trifida,var. verna early coralroot,G5TNRQ,SX,,SX
Cornus amomum,ssp. amomum silky dogwood,G5,S1,,SE
Cornus canadensis,bunchberry,G5,S1,,SE
Cornus rugosa roundleaf,dogwood,G5,S3,,ST
Crataegus chrysocarpa fireberry,hawthorn,G5,S1,,SE
Crataegus coccinea,var. coccinea scarlet hawthorn,G5?T4,S2,,ST
Crataegus intricata,Copenhagen hawthorn,G5?,S3,,ST
Crataegus iracunda,Illinois hawthorn,GNR,S1,,SE
Crataegus succulenta,var. succulenta fleshy hawthorn,G5T5,S3,,ST
Crataegus viridis,var. viridis green hawthorn,G5T5,S2,,ST
Croton michauxii,var. elliptica elliptical rushfoil,G5,S1,,SE
Cuscuta cuspidata cusp,dodder,G5,S1,,SE
Cuscuta indecora pretty,dodder,G5,S1,,SE
Cyperus dentatus toothed,sedge,G4,S1,,SE
Cyperus houghtonii,Houghton's nutsedge,G4?,S2,,SE
Cyperus pseudovegetus green,flatsedge,G5,S3,,ST
Cypripedium acaule pink,lady's-slipper,G5,S1,,SE
Cypripedium candidum small,white lady's-slipper,G3G4,S3,,ST
Cypripedium parviflorum,var. makasin small yellow lady's-slipper,G5T5,S3,,ST
Cypripedium reginae showy,lady's-slipper,G4G5,S3,,ST
Dactylorhiza viridis long-bract,green orchid,G5,S1,,SE
Danthonia compressa flattened,oatgrass,G5,S1,,SE
Dendrolycopodium dendroideum treelike,clubmoss,G5,S1,,SE
Dendrolycopodium hickeyi,Hickey's clubmoss,G5,S3,,ST
Deschampsia cespitosa tufted,hairgrass,G5,S3,,ST
Dichanthelium bicknellii,panic-grass,G4?Q,S1,,SE
Dichanthelium boreale northern,witchgrass,G5,S3,,ST
Dichanthelium commonsianum,Commons' panic-grass,GNR,S2S3,,SE
Dichanthelium deamii,Deam's panic-grass,GNR,S1,,SE
Dichanthelium leibergii,Leiberg's witchgrass,G4,S2,,ST
Dichanthelium lucidum shining,panic-grass,G4,S1,,SE
Dichanthelium mattamuskeetense,panic-grass,G4?,SX,,SX
Dichanthelium scoparium broom,panic-grass,G5,S1,,SE
Dichanthelium subvillosum,panic-grass,GNRQ,S1,,SE
Dichanthelium wilcoxianum blood,witchgrass,G5,S3,,ST
Dichanthelium yadkinense,Yadkin panic-grass,G5T4Q,S1,,SE
Dicliptera brachiata wild,mudwort,G5,S1,,SE
Didiplis diandra,water-purslane,G3G4,S1,,SE
Digitaria filiformis slender,crabgrass,GNR,S2,,ST
Dinebra panicoides,Amazon sprangle top,G5,S1,,SE
Diphasiastrum tristachyum deep-root,clubmoss,G5,S2,,ST
Dodecatheon frenchii,French's shootingstar,G3?,S3,,ST
Drosera intermedia spoon-leaved,sundew,G5,S3,,ST
Dryopteris celsa log,fern,G4,S1,,SE
Dryopteris clintoniana,Clinton's woodfern,G5?,S1,,SE
Echinacea simulata wavyleaf,purple coneflower,G4,SU,,SE
Echinodorus berteroi tall,bur-head,G5,S1,,SE
Echinodorus cordifolius creeping,bur-head,G5,S1,,SE
Eleocharis atropurpurea purple,spikerush,G4G5,S1,,SE
Eleocharis bifida glades,spikerush,G3G4,S1,,SE
Eleocharis equisetoides horsetail,spikerush,G4,S1,,SE
Eleocharis geniculata capitate,spike-rush,G5,S2,,ST
Eleocharis melanocarpa black-fruited,spike-rush,G4,S2,,ST
Eleocharis microcarpa small-fruited,spike-rush,G5,S1,,SE
Eleocharis robbinsii,Robbins' spike-rush,G4,S2,,ST
Eleocharis wolfii,Wolf's spike-rush,G3G5,S2,,ST
Epigaea repens trailing,arbutus,G5,S3,,ST
Equisetum sylvaticum woodland,horsetail,G5,S1,,SE
Equisetum variegatum,var. variegatum variegated horsetail,G5T5,S1,,SE
Eriocaulon aquaticum,pipewort,G5,S1,,SE
Eriophorum angustifolium,ssp. narrow-leaved cotton-grass,G5T5,S3,,ST
Eriophorum gracile,var. gracile slender cotton-grass,G5T5,S2,,ST
Eriophorum tenellum rough,cotton-grass,G5,S1,,SE
Eriophorum vaginatum dense,cotton-grass,G5,SX,,SX
Eriophorum viridicarinatum green-keeled,cotton-grass,G5,S3,,ST
Erysimum capitatum prairie-rocket,wallflower,G5,S1,,SE
Eupatorium album white,thoroughwort,G5,S3,,ST
Euphorbia polygonifolia seaside,spurge,G5,S2,,ST
Euploca tenella slender,heliotrope,G5,S2,,ST
Eurybia furcata forked,aster,G3,S3,,ST
Eurybia schreberi,Schreber's aster,G4,S1,,SE
Fallopia cilinodis fringed,black bindweed,G5,SX,,SX
Festuca paradoxa cluster,fescue,G5,S2,,ST
Fimbristylis annua annual,fimbry,G5,S1,,SE
Fimbristylis puberula,Carolina fimbry,G5,S1,,SE
Fleischmannia incarnata pink,thoroughwort,G5,S2,,ST
Fragaria vesca,var. americana woodland strawberry,G5T5,S1,,SE
Fuirena pumila dwarf,umbrella-sedge,G5,S2,,ST
Galium labradoricum bog,bedstraw,G5,S2,,ST
Gaura filipes slender-stalked,gaura,G5,S2,,SE
Gentiana flavida yellow,gentian,G4,S3,,ST
Gentiana puberulenta downy,gentian,G4G5,S1,,SE
Gentiana villosa striped,gentian,G4,S1,,SE
Geranium bicknellii,Bicknell's northern cranesbill,G5,S1,,SE
Geranium robertianum,herb-Robert,G5,S3,,ST
Geum aleppicum yellow,avens,G5,S2,,ST
Geum fragarioides barren,strawberry,G5,S3,,ST
Geum rivale purple,avens,G5,S1,,SE
Gleditsia aquatica,water-locust,G5,S1,,SE
Glyceria acutiflora sharp-scaled,manna-grass,G5,S1,,SE
Glyceria borealis small,floating manna-grass,G5,S1,,SE
Glyceria grandis,American manna-grass,G5,S1,,SE
Gonolobus suberosus angular-fruited,milkvine,G5,S3,,ST
Gymnopogon ambiguus broadleaf,beardgrass,G4,SX,,SX
Helanthium tenellum dwarf,burhead,G5?,SX,,SX
Helenium virginicum,Virginia sneezeweed,G3,S1,T,SE
Helianthus angustifolius swamp,sunflower,G5,S1,,SE
Hesperostipa comata sewing,needlegrass,G5,SX,,SX
Heterotheca camporum,var. camporum hairy golden-aster,G5TNR,S3,,ST
Hexalectris spicata crested,coralroot,G5,S3,,ST
Hibiscus moscheutos,ssp. lasiocarpos hairy-fruited hibiscus,G5T4,S1,,SE
Hippuris vulgaris common,mare's-tail,G5,SX,,SX
Hottonia inflata,featherfoil,G4,S2,,ST
Hudsonia tomentosa,var. tomentosa sand-heather,G5T5Q,S2,,ST
Hydrocotyle americana,American water-pennywort,G5,S1,,SE
Hylotelephium telephioides,Allegheny stonecrop,G4,S3,,ST
Hymenopappus scabiosaeus,var. Carolina woollywhite,G4G5T4T5,S1,,SE
Hypericum adpressum creeping,St. John's-wort,G3,S2,,ST
Hypericum dolabriforme straggling,St. John's-wort,G4,S3,,ST
Hypericum frondosum golden,St. John's-wort,G4,SX,,SX
Hypericum gymnanthum clasping-leaved,St. John's-wort,G4,S1,,SE
Hypericum pyramidatum great,St. John's-wort,G5T5,S2,,ST
Hypericum swinkianum,Swink's St. John's-wort,GNR,S1S2,,SE
Hypericum virgatum coppery,St. John's-wort,G4?,S2,,ST
Ilex mucronata mountain,holly,G5,S3,,ST
Iresine rhizomatosa eastern,bloodleaf,G5,S3,,ST
Isoetes engelmannii,Engelmann's quillwort,G4,S1,,SE
Isoetes melanopoda blackfoot,quillwort,G5,S2,,ST
Itea virginica,Virginia willow,G4,S1,,SE
Juglans cinerea,butternut,G3,S2,,ST
Juncus articulatus jointed,rush,G5,S1,,ST
Juncus militaris bayonet,rush,G5,S1,,SE
Juncus nodatus stout,rush,G5,S2S3,,ST
Juncus pelocarpus brown-fruited,rush,G5,S1,,SE
Juncus scirpoides scirpus-like,rush,G5,S2,,ST
Juncus secundus secund,rush,G5?,S1,,SE
Juniperus communis,var. depressa ground juniper,G5T5,S3,,ST
Juniperus horizontalis creeping,juniper,G5,SX,,
Kalmia latifolia mountain,laurel,G5,S3,,ST
Lactuca hirsuta hairy,lettuce,G5,S2,,ST
Lactuca ludoviciana western,lettuce,G4G5,SX,,SX
Larix laricina,tamarack,G5,S2,,ST
Lathyrus japonicus beach,peavine,G5,S1,,SE
Lathyrus ochroleucus pale,vetchling peavine,G5,S1,,SE
Lathyrus venosus smooth,veiny pea,G5,S1,,SE
Leavenworthia uniflora,Michaux's leavenworthia,G4,S1,,SE
Lechea racemulosa,Illinois pinweed,G5,S1,,SE
Lechea stricta upright,pinweed,G3G4,SX,,SX
Lemna gibba inflated,duckweed,G4G5,S1,,SE
Lemna minuta least,duckweed,G5,S1,,SE
Lemna perpusilla minute,duckweed,G5,SX,,SX
Lemna valdiviana pale,duckweed,G5,S1,,SE
Lespedeza stuevei tall,bush-clover,G4?,SX,,SX
Liatris pycnostachya,var. pycnostachya cattail gay-feather,G5T5,S1,,SE
Ligusticum canadense nondo,lovage,G4,S1,,SE
Lilium canadense,Canada lily,G5,S3,,ST
Lilium superbum,Turk's cap lily,G5,S3,,ST
Limnobium spongia,American frog's-bit,G4,S1,,SE
Linnaea borealis,twinflower,G5,SX,,SX
Linum intercursum sandplain,flax,G4,S1,,SE
Linum sulcatum grooved,yellow flax,G5,S3,,ST
Lipocarpha drummondii,Drummond's hemicarpha,G4G5,S1,,SE
Lithospermum incisum narrow-leaved,puccoon,G5,S1,,SE
Lithospermum parviflorum shaggy,false-gromwell,G4G5T4,S1,,SE
Lonicera canadensis,American fly-honeysuckle,G5,S1,,SE
Lorinseria areolata netted,chainfern,G5,S3,,ST
Ludwigia glandulosa,ssp. glandulosa cylindric-fruited seedbox,G5T5,S2,,ST
Ludwigia sphaerocarpa globe-fruited,false-loosestrife,G4,S1,,SE
Luzula acuminata,var. acuminata hairy woodrush,G5T5,S1,,SE
Lycopodiella inundata northern,bog clubmoss,G5,S1,,SE
Lycopodiella subappressa northern,appressed bog clubmoss,G2,S1,,SE
Lycopus amplectens sessile-leaved,bugleweed,G5,S1,,SE
Lygodium palmatum climbing,fern,G4,S1,,SE
Magnolia acuminata cucumber,magnolia,G5,S1,,SE
Magnolia tripetala umbrella,magnolia,G5,S1,,SE
Malaxis unifolia green,adder's-mouth,G5,S1,,SE
Matelea obliqua angle,pod,G4?,S3,,ST
Matteuccia struthiopteris ostrich,fern,G5,S3,,ST
Mecardonia acuminata striped,hedge hyssop,G5,S1,,SE
Melampyrum lineare,American cow-wheat,G5,S1,,SE
Melica nitens three-flower,melic grass,G5,S1,,SE
Melothria pendula creeping,cucumber,G5?,S2,,ST
Micranthes forbesii,Forbes' saxifrage,G4Q,S1,,SE
Mikania scandens climbing,hempweed,G5,S1,,SE
Milium effusum tall,millet-grass,G5,S1,,ST
Minuartia michauxii,var. michauxii Michaux's stitchwort,G5T5,S2,,ST
Minuartia patula,Pitcher's stitchwort,G4,S1,,SE
Monarda bradburiana eastern,bee-balm,G5,S1,,SE
Muhlenbergia capillaris long-awn,hairgrass,G5,S1,,SE
Muhlenbergia cuspidata plains,muhly,G5,S1,,SE
Myosotis laxa smaller,forget-me-not,G5,S2,,ST
Myriophyllum pinnatum cutleaf,water-milfoil,G5,S1,,SE
Myriophyllum tenellum slender,water-milfoil,G5,S1,,SE
Myriophyllum verticillatum whorled,water-milfoil,G5,S3,,ST
Myriopteris lanosa hairy,lipfern,G5,S3,,ST
Nabalus asper rough,rattlesnake-root,G4?,S3,,ST
Najas gracillima thread-like,naiad,G4G5,S3,,ST
Napaea dioica glade,mallow,G4,S2,,ST
Nothoscordum bivalve,crow-poison,G4,S3,,ST
Oenothera perennis small,sundrops,G5,S3,,ST
Oenothera triloba stemless,evening-primrose,G4,SX,,SX
Oligoneuron album prairie,goldenrod,G5,S3,,ST
Ophioglossum engelmannii limestone,adder's-tongue,G5,S3,,ST
Ophioglossum pusillum northern,adder's-tongue,G4,S2,,ST
Orobanche fasciculata clustered,broomrape,G4G5,S1,,SE
Orobanche riparia bottomland,broomrape,G4?,S1,,SE
Orthilia secunda one-sided,wintergreen,G5,SX,,SX
Oryzopsis asperifolia white-grained,mountain-ricegrass,G5,S1,,SE
Oxydendrum arboreum,sourwood,G5,S3,,ST
Pachysandra procumbens,Allegheny spurge,G4G5,S1,,SE
Panicum tuckermanii,Tuckerman's panic-grass,G3G5,S2S3,,ST
Panicum verrucosum warty,panic-grass,G5,S2,,ST
Patis racemosa black-fruit,mountain-ricegrass,G5,S3,,ST
Pediomelum tenuiflorum few-flowered,scurf-pea,G5,SX,,SX
Penstemon canescens gray,beardtongue,G4,S1,,SE
Penstemon deamii,Deam's beardtongue,G2,S2,,SE
Penstemon tubaeflorus tube,penstemon,G5,S1,,SE
Perideridia americana eastern,eulophus,G4,S1,,SE
Persicaria robustior stout,smartweed,G5,S1S2,,SE
Persicaria setacea swamp,smartweed,G5,S1,,SE
Phacelia covillei buttercup,scorpionweed,G3,S1,,SE
Phacelia ranunculacea blue,scorpionweed,G4,S1,,SE
Phemeranthus rugospermus prairie,fame-flower,G3G4,S1,,SE
Phlox amplifolia large-leaved,phlox,G3G5,S3,,ST
Phlox bifida,ssp. stellaria cleft phlox,G5?T3,S1,,SE
Phlox ovata mountain,phlox,G4,S1,,SE
Phlox pilosa,ssp. deamii Deam's phlox,G5T3T4,S1,,SE
Physaria globosa,Short's bladderpod,G2,S1,E,SE
Pinus banksiana jack,pine,G5,S3,,ST
Pinus strobus eastern,white pine,G5,S3,,ST
Piptatheropsis pungens slender,mountain-ricegrass,G5,S1,,SE
Piptochaetium avenaceum blackseed,needlegrass,G5,S3,,ST
Plantago cordata heart-leaved,plantain,G3,S1,,SE
Platanthera aquilonis leafy,northern green orchid,G5,S2,,ST
Platanthera ciliaris yellow-fringe,orchid,G5,S1,,SE
Platanthera dilatata leafy,white orchid,G5,SX,,SX
Platanthera flava,var. flava southern rein orchid,G5T4?Q,S1,,SE
Platanthera hookeri,Hooker's orchid,G4,SX,,SX
Platanthera leucophaea eastern,prairie white-fringed orchid,G2G3,S1,T,SE
Platanthera orbiculata large,roundleaf orchid,G5,SX,,SX
Platanthera psycodes small,purple-fringe orchid,G5,S3,,ST
Poa cuspidata early,bluegrass,G5,SX,,SX
Poa paludigena bog,bluegrass,G3G4,S3,,ST
Poa wolfii,Wolf's bluegrass,G4,S3,,ST
Polygala incarnata pink,milkwort,G5,S1,,SE
Polygala paucifolia gay-wing,milkwort,G5,S1,,SE
Polygonum articulatum eastern,jointweed,G5,S3,,ST
Polytaenia nuttallii prairie,parsley,G5,S1,,SE
Populus balsamifera balsam,poplar,G5,S1,,SE
Potamogeton bicupulatus snail-seed,pondweed,G4,S1,,SE
Potamogeton epihydrus,Nuttall pondweed,G5,S1,,SE
Potamogeton friesii,Fries' pondweed,G5,S1,,SE
Potamogeton oakesianus,Oakes' pondweed,G5,S1,,SE
Potamogeton praelongus white-stem,pondweed,G5,S1,,ST
Potamogeton pulcher spotted,pondweed,G5,S2,,ST
Potamogeton richardsonii,redheadgrass,G5,S3,,ST
Potamogeton robbinsii flatleaf,pondweed,G5,S3,,ST
Potamogeton strictifolius straight-leaf,pondweed,G5,S2,,ST
Potamogeton vaseyi,Vasey's pondweed,G5,S1,,SE
Potentilla anserina,silverweed,G5,S2,,ST
Proboscidea louisianica,Louisiana unicorn-plant,GU,SX,,SX
Prunus pensylvanica,var. pensylvanica fire cherry,G5T5,S3,,ST
Pseudognaphalium macounii winged,cudweed,G5,SX,,SX
Pteridium aquilinum,var. pseudocaudatum bracken fern,G5T5,SX,,SX
Pycnanthemum verticillatum,var. whorled mountainmint,G5T5,SU,,SE
Pyrola americana,American wintergreen,G5,S2,,ST
Pyrola asarifolia,ssp. asarifolia pink wintergreen,G5T5,S1,,SE
Pyrola chlorantha greenish-flowered,wintergreen,G5,SX,,SX
Quercus prinoides dwarf,chinquapin oak,G5,S1,,SE
Ranunculus ambigens water-plantain,spearwort,G2,S1,,SE
Ranunculus harveyi,Harvey's buttercup,G4,S1,,SE
Ranunculus laxicaulis,Mississippi buttercup,G5?,S1,,SE
Ranunculus pusillus,Pursh's buttercup,G5,S1,,SE
Rhexia mariana,Maryland meadow beauty,G5T5,S1,,ST
Rhus aromatica,var. arenaria beach sumac,G5T3Q,S3,,ST
Rhynchospora corniculata short-bristle,horned-rush,G5,S2,,ST
Rhynchospora fusca brown,beakrush,G5,SX,,SX
Rhynchospora macrostachya tall,beaked-rush,G4,S3,,ST
Rhynchospora nitens short-beaked,bald-rush,G4,S1,,SE
Rhynchospora recognita globe,beaked-rush,G5?,S1,,SE
Rhynchospora scirpoides long-beaked,baldrush,G4,S3,,ST
Rhytidium rugosum rhytidium,moss,G5,SU,,SE
Rorippa aquatica lake,cress,G4?,S1,,SE
Rubus odoratus purple,flowering raspberry,G5,S2,,ST
Rudbeckia fulgida,var. umbrosa coneflower,G5T4T5,S1,,SE
Sabatia campanulata slender,marsh pink,G4,SX,,SX
Sagittaria ambigua,Kansas arrowhead,G2,SX,,SX
Sagittaria australis longbeak,arrowhead,G4,S3,,ST
Salix cordata heartleaf,willow,G4,S1,,SE
Salix serissima autumn,willow,G5,S2,,ST
Sanguisorba canadensis,Canada burnet,G5,S1,,SE
Sanicula smallii,Small's snakeroot,G5,S3,,ST
Sceptridium multifidum leathery,grape-fern,G5,SX,,SX
Sceptridium rugulosum ternate,grape-fern,G3,SX,,SX
Scheuchzeria palustris,ssp. americana American scheuchzeria,G5T5,S1,,SE
Schizachne purpurascens purple,oat,G5,S1,,SE
Schoenoplectiella hallii,Hall's bulrush,G3,S1,,SE
Schoenoplectiella purshiana weakstalk,bulrush,G4G5,S3,,ST
Schoenoplectiella smithii,Smith's Bulrush,G5?,S2,,ST
Schoenoplectus subterminalis water,bulrush,G5,S3,,ST
Schoenoplectus torreyi,Torrey's Bulrush,G4,S1,,SE
Scirpus expansus,bulrush,G4,S1,,SE
Scleria muehlenbergii,Muehlenberg's nutrush,G5,S1,,SE
Scleria reticularis reticulated,nutrush,G4,S2,,ST
Scorpidium scorpioides hooked,scorpion moss,G5,SU,,SE
Scutellaria parvula,var. parvula small skullcap,G5T4T5,S1,,SE
Scutellaria saxatilis rock,skullcap,G3G4,S1,,SE
Selaginella rupestris ledge,spike-moss,G5,S1,,SE
Shepherdia canadensis,Canada buffalo-berry,G5,SX,,SX
Sida hermaphrodita,Virginia mallow,G3,S1,,SE
Sideroxylon lycioides buckthorn,bumelia,G5,S1,,SE
Silene ovata ovate,catchfly,G3,S1,,SE
Silene regia royal,catchfly,G3,S1,,SE
Sisyrinchium montanum strict,blue-eyed-grass,G5,S1,,SE
Solidago buckleyi,Buckley's goldenrod,G4,S1,,SE
Solidago rupestris rock,goldenrod,G4?,S1,,SE
Solidago shortii,Short's goldenrod,G1G2,S1,E,SE
Solidago simplex,var. gillmanii sticky goldenrod,G5T3?,S2,,ST
Solidago squarrosa stout-ragged,goldenrod,G5,S1,,SE
Sorbus decora northern,mountain-ash,G5,SX,,SX
Sparganium androcladum branching,bur-reed,G4G5,S2,,ST
Sparganium natans small,bur-reed,G5,SX,,SX
Spigelia marilandica woodland,pinkroot,G4,S1,,SE
Spiranthes arcisepala,Appalachian ladies'-tresses,G5,S2,,SE
Spiranthes lucida shining,ladies'-tresses,G4,S3,,ST
Spiranthes magnicamporum,Great Plains ladies'-tresses,G3G4,S2S3,,ST
Spiranthes ochroleuca yellow,nodding ladies'-tresses,G5,S2,,ST
Spiranthes romanzoffiana hooded,ladies'-tresses,G5,S1,,SE
Stenanthium gramineum eastern,featherbells,G4,S1,,ST
Stenaria nigricans narrowleaf,summer bluets,G5,S2S3,,ST
Stuckenia filiformis,ssp. occidentalis slender pondweed,G5T5,S1,,SE
Styrax americanus,American snowbell,G5,S3,,ST
Styrax grandifolius large-leaf,snowbell,G5,S1,,SE
Sullivantia sullivantii,Sullivantia,G4,S2,,ST
Symphyotrichum boreale rushlike,aster,G5,S2,,ST
Symphyotrichum oblongifolium aromatic,aster,G5,S3,,ST
Symphyotrichum phlogifolium thin,leaf late purple aster,G4,SX,,SX
Symphyotrichum sericeum western,silvery aster,G5,S2,,ST
Taxodium distichum,var. distichum bald cypress,G5,S2,,ST
Taxus canadensis,American yew,G5,S1,,SE
Tetrodontium brownianum,Brown's four-toothed moss,GNR,SU,,SE
Thalictrum pubescens tall,meadowrue,G5,S3,,ST
Thuja occidentalis northern,white cedar,G5,S1,,SE
Thyrsanthella difformis climbing,dogbane,G4G5,S3,,ST
Trautvetteria caroliniensis,Carolina tassel-rue,G5,SX,,SX
Trifolium reflexum,var. glabrum buffalo clover,G3G4T2T4Q,S1,,SE
Trifolium stoloniferum running,buffalo clover,G3,S1,,SE
Triglochin palustris marsh,arrow-grass,G5,S2,,ST
Trillium cernuum,var. macranthum nodding trillium,G5T4,S1,,SE
Utricularia cornuta horned,bladderwort,G5,S1,,SE
Utricularia geminiscapa hidden-fruited,bladderwort,G4G5,S1,,SE
Utricularia minor lesser,bladderwort,G5,S1,,ST
Utricularia radiata small,swollen bladderwort,G5,S1,,SE
Utricularia resupinata northeastern,bladderwort,G4,S1,,SE
Utricularia subulata zigzag,bladderwort,G5,S2,,ST
Uvularia perfoliata,bellwort,G5,S1,,SE
Vaccinium macrocarpon large,cranberry,G5,S3,,ST
Vaccinium myrtilloides velvetleaf,blueberry,G5,S1,,SE
Vaccinium oxycoccos small,cranberry,G5,S2,,ST
Valeriana edulis,var. ciliata hairy valerian,G5T3,S1,,SE
Valeriana uliginosa marsh,valerian,G4,S1,,SE
Vandenboschia boschiana filmy,fern,G4,S1,,SE
Veratrum virginicum,Virginia bunchflower,G5,S1,,SE
Verbesina occidentalis yellow,crownbeard,G5,S1,,SE
Veronica americana,American speedwell,G5,SX,,SX
Viburnum cassinoides northern,wild-raisin,G5T5,S1,,SE
Viburnum molle softleaf,arrow-wood,G3,S3,,ST
Viburnum opulus,var. americanum highbush-cranberry,G5T5,S1,,SE
Viola baxteri,Baxter's violet,GNR,S1,,SE
Viola egglestonii,Eggleston's violet,G4,S1,,SE
Viola glaberrima three-parted,violet,GNR,SX,,SX
Viola hirsutula southern,wood violet,G5,S1,,SE
Viola pedatifida prairie,violet,G5,S2,,ST
Viola primulifolia primrose-leaf,violet,G5,S3,,ST
Vitis palmata catbird,grape,G4,S3,,ST
Vitis rupestris sand,grape,G3,S1,,SE
Vittaria appalachiana,Appalachian vittaria,G4,S2,,ST
Wisteria frutescens,American wisteria,G5,S3,,ST
Wolffiella gladiata sword,bogmat,G4G5,S2S3,,ST
Xyris difformis,Carolina yellow-eyed grass,G5,S2,,ST
