Common Name,Scientific Name,Status,Original Status,State
Pale false foxglove,Agalinis skinneriana,Endangered,Endangered,Iowa
Roundleaf serviceberry,Amelanchier sanguinea,Endangered,Endangered,Iowa
Raccoon grape,Ampelopsis cordata,Endangered,Endangered,Iowa
Pearly everlasting,Anaphalis margaritacea,Endangered,Endangered,Iowa
Sand bluestem,Andropogon hallii,Endangered,Endangered,Iowa
Round-lobed hepatica,Anemone americana,Endangered,Endangered,Iowa
Carolina anemone,Anemone caroliniana,Endangered,Endangered,Iowa
Virginia snakeroot,Aristolochia serpentaria,Endangered,Endangered,Iowa
Black chokeberry,Aronia melanocarpa,Endangered,Endangered,Iowa
Fringed sagewort,Artemisia frigida,Endangered,Endangered,Iowa
Mead’s milkweed,Asclepias meadii,Endangered,Endangered,Iowa
Showy milkweed,Asclepias speciosa,Endangered,Endangered,Iowa
Green antelopehorn,Asclepias viridis,Endangered,Endangered,Iowa
Field milkvetch,Astragalus agrestis,Endangered,Endangered,Iowa
Prairie milkvetch,Astragalus laxmannii,Endangered,Endangered,Iowa
Fern-leaved false foxglove,Aureolaria pedicularia,Endangered,Endangered,Iowa
Water marigold,Bidens beckii,Endangered,Endangered,Iowa
Matricary grape fern,Botrychium matricariifolium,Endangered,Endangered,Iowa
Little grapefern,Botrychium simplex,Endangered,Endangered,Iowa
Swamp moonwort,Botrychium tenebrosum,Endangered,Endangered,Iowa
White-tinged sedge,Carex albicans,Endangered,Endangered,Iowa
Back’s sedge,Carex backii,Endangered,Endangered,Iowa
Cordroot sedge,Carex chordorrhiza,Endangered,Endangered,Iowa
Fringed sedge,Carex crinita,Endangered,Endangered,Iowa
Star sedge,Carex echinata,Endangered,Endangered,Iowa
Shoreline sedge,Carex hyalenolepis,Endangered,Endangered,Iowa
Hoplike sedge,Carex lupuliformis,Endangered,Endangered,Iowa
Intermediate sedge,Carex media,Endangered,Endangered,Iowa
Plantain-leaved sedge,Carex plantaginea,Endangered,Endangered,Iowa
Drooping sedge,Carex prasina,Endangered,Endangered,Iowa
Cyperus-like sedge,Carex pseudocyperus,Endangered,Endangered,Iowa
Reflexed sedge,Carex retroflexa,Endangered,Endangered,Iowa
Rocky Mountain sedge,Carex saximontana,Endangered,Endangered,Iowa
Fireweed,Chamaenerion angustifolium,Endangered,Endangered,Iowa
Pipsissewa,Chimaphila umbellata,Endangered,Endangered,Iowa
Drooping woodreed,Cinna latifolia,Endangered,Endangered,Iowa
Purple clematis,Clematis occidentalis,Endangered,Endangered,Iowa
Blue-eyed mary,Collinsia verna,Endangered,Endangered,Iowa
Spotted coralroot,Corallorhiza maculata,Endangered,Endangered,Iowa
Golden corydalis,Corydalis aurea,Endangered,Endangered,Iowa
Large-bracted corydalis,Corydalis curvisiliqua,Endangered,Endangered,Iowa
Pale corydalis,Corydalis flavula,Endangered,Endangered,Iowa
Pink corydalis,Corydalis sempervirens,Endangered,Endangered,Iowa
Silky prairie-clover,Dalea villosa,Endangered,Endangered,Iowa
Tree clubmoss,Dendrolycopodium dendroideum,Endangered,Endangered,Iowa
Sessile-leaved tick trefoil,Desmodium sessilifolium,Endangered,Endangered,Iowa
Roundleaved sundew,Drosera rotundifolia,Endangered,Endangered,Iowa
Marginal shield fern,Dryopteris marginalis,Endangered,Endangered,Iowa
Purple coneflower,Echinacea purpurea,Endangered,Endangered,Iowa
Elliptic spikerush,Eleocharis elliptica,Endangered,Endangered,Iowa
Few-flowered spikerush,Eleocharis quinqueflora,Endangered,Endangered,Iowa
Wolf’s spikerush,Eleocharis wolfii,Endangered,Endangered,Iowa
Wiegand’s wildrye,Elymus wiegandii,Endangered,Endangered,Iowa
Downy willowherb,Epilobium strictum,Endangered,Endangered,Iowa
Slender cottongrass,Eriophorum gracile,Endangered,Endangered,Iowa
Tawny cottongrass,Eriophorum virginicum,Endangered,Endangered,Iowa
Wood spurge,Euphorbia commutata,Endangered,Endangered,Iowa
Forked aster,Eurybia furcata,Endangered,Endangered,Iowa
Large-leaved aster,Eurybia macrophylla,Endangered,Endangered,Iowa
Schreber’s aster,Eurybia schreberi,Endangered,Endangered,Iowa
Queen of the prairie,Filipendula rubra,Endangered,Endangered,Iowa
False mermaid,Floerkea proserpinacoides,Endangered,Endangered,Iowa
Rough bedstraw,Galium asprellum,Endangered,Endangered,Iowa
Black Huckleberry,Gaylussacia baccata,Endangered,Endangered,Iowa
Hairy goldenaster,Heterotheca villosa,Endangered,Endangered,Iowa
Povertygrass,Hudsonia tomentosa,Endangered,Endangered,Iowa
Rock clubmoss,Huperzia porophila,Endangered,Endangered,Iowa
Canadian St. Johnswort,Hypericum canadense,Endangered,Endangered,Iowa
Pineweed,Hypericum gentianoides,Endangered,Endangered,Iowa
Flax-leaved aster,Ionactis linariifolia,Endangered,Endangered,Iowa
White morning-glory,Ipomoea lacunosa,Endangered,Endangered,Iowa
Black-based quillwort,Isoetes melanopoda,Endangered,Endangered,Iowa
Alpine rush,Juncus alpinoarticulatus,Endangered,Endangered,Iowa
Edged rush,Juncus marginatus,Endangered,Endangered,Iowa
Vasey’s rush,Juncus vaseyi,Endangered,Endangered,Iowa
Creeping juniper,Juniperus horizontalis,Endangered,Endangered,Iowa
Intermediate pinweed,Lechea intermedia,Endangered,Endangered,Iowa
Hairy pinweed,Lechea mucronata,Endangered,Endangered,Iowa
Wild lupine,Lupinus perennis,Endangered,Endangered,Iowa
Bog clubmoss,Lycopodiella inundata,Endangered,Endangered,Iowa
Hairy waterclover,Marsilea vestita,Endangered,Endangered,Iowa
Millet grass,Milium effusum,Endangered,Endangered,Iowa
Sensitive briar,Mimosa nuttallii,Endangered,Endangered,Iowa
Partridge berry,Mitchella repens,Endangered,Endangered,Iowa
Naked miterwort,Mitella nuda,Endangered,Endangered,Iowa
Mat muhly,Muhlenbergia richardsonis,Endangered,Endangered,Iowa
Small sundrops,Oenothera perennis,Endangered,Endangered,Iowa
Fragile prickly-pear,Opuntia fragilis,Endangered,Endangered,Iowa
Frenchgrass,Orbexilum onobrychis,Endangered,Endangered,Iowa
Clustered broomrape,Orobanche fasciculata,Endangered,Endangered,Iowa
One-sided shinleaf,Orthilia secunda,Endangered,Endangered,Iowa
Rough-leaved ricegrass,Oryzopsis asperifolia,Endangered,Endangered,Iowa
Cinnamon fern,Osmundastrum cinnamomeum,Endangered,Endangered,Iowa
Philadelphia panic grass,Panicum philadelphicum,Endangered,Endangered,Iowa
Arrow arum,Peltandra virginica,Endangered,Endangered,Iowa
Cobaea beardtongue,Penstemon cobaea,Endangered,Endangered,Iowa
Slender beardtongue,Penstemon gracilis,Endangered,Endangered,Iowa
Tube beardtongue,Penstemon tubaeflorus,Endangered,Endangered,Iowa
Wild dill,Perideridia americana,Endangered,Endangered,Iowa
Long beechfern,Phegopteris connectilis,Endangered,Endangered,Iowa
Fameflower,Phemeranthus parviflorus,Endangered,Endangered,Iowa
Rough-seeded fameflower,Phemeranthus rugospermus,Endangered,Endangered,Iowa
Mountain ricegrass,Piptatherum pungens,Endangered,Endangered,Iowa
Wood orchid,Platanthera clavellata,Endangered,Endangered,Iowa
Hooker’s orchid,Platanthera hookeri,Endangered,Endangered,Iowa
Green fringed orchid,Platanthera lacera,Endangered,Endangered,Iowa
Eastern prairie fringed orchid,Platanthera leucophaea,Endangered,Endangered,Iowa
Woodland Bluegrass,Poa saltuensis,Endangered,Endangered,Iowa
Clammyweed,Polansia jamesii,Endangered,Endangered,Iowa
Crossleaf milkwort,Polygala cruciata,Endangered,Endangered,Iowa
Pink milkwort,Polygala incarnata,Endangered,Endangered,Iowa
Purple milkwort,Polygala polygama,Endangered,Endangered,Iowa
Hairy Solomon’s-seal,Polygonatum pubescens,Endangered,Endangered,Iowa
Jointweed,Polygonella articulata,Endangered,Endangered,Iowa
White-stemmed pondweed,Potamogeton praelongus,Endangered,Endangered,Iowa
Silverweed,Potentilla anserina,Endangered,Endangered,Iowa
Pennsylvania cinquefoil,Potentilla pensylvanica,Endangered,Endangered,Iowa
Stem flower dewberry,Rubus caulifloris,Endangered,Endangered,Iowa
Washington dewberry,Rubus celer,Endangered,Endangered,Iowa
Swamp dewberry,Rubus hispidus,Endangered,Endangered,Iowa
Recurved blackberry,Rubus recurvans,Endangered,Endangered,Iowa
New England blackberry,Rubus semisetosus,Endangered,Endangered,Iowa
Bottomland dewberry,Rubus serratus,Endangered,Endangered,Iowa
Uniform bristleberry,Rubus uniformis,Endangered,Endangered,Iowa
Shining willow,Salix lucida,Endangered,Endangered,Iowa
Smith’s bulrush,Schoenoplectiella smithii,Endangered,Endangered,Iowa
Downy skullcap,Scutellaria incana,Endangered,Endangered,Iowa
Veined skullcap,Scutellaria nervosa,Endangered,Endangered,Iowa
Wild stonecrop,Sedum ternatum,Endangered,Endangered,Iowa
Meadow spikemoss,Selaginella eclipes,Endangered,Endangered,Iowa
Knotweed bristlegrass,Setaria parviflora,Endangered,Endangered,Iowa
Annual skeletonweed,Shinneroseris rostata,Endangered,Endangered,Iowa
Three-toothed cinquefoil,Sibbaldiopsis tridentata,Endangered,Endangered,Iowa
Needle-pointed blue-eyed grass,Sisyrinchium mucronatum,Endangered,Endangered,Iowa
Rough-leaved goldenrod,Solidago patula,Endangered,Endangered,Iowa
Bog goldenrod,Solidago uliginosa,Endangered,Endangered,Iowa
Yellow-lipped ladies-tresses,Spiranthes lucida,Endangered,Endangered,Iowa
Hooded ladies-tresses,Spiranthes romanzoffiana,Endangered,Endangered,Iowa
Little ladies-tresses,Spiranthes tuberosa,Endangered,Endangered,Iowa
Spring ladies-tresses,Spiranthes vernalis,Endangered,Endangered,Iowa
Rough-leaved hedge-nettle,Stachys aspera,Endangered,Endangered,Iowa
Pickering morning-glory,Stylisma pickeringii,Endangered,Endangered,Iowa
Snowberry,Symphoricarpos albus,Endangered,Endangered,Iowa
Waxy meadowrue,Thalictrum amphibolum,Endangered,Endangered,Iowa
Western spiderwort,Tradescantia occidentalis,Endangered,Endangered,Iowa
Small bladderwort,Utricularia minor,Endangered,Endangered,Iowa
Sessile-leaf bellwort,Uvularia sessilifolia,Endangered,Endangered,Iowa
Low sweet blueberry,Vaccinium angustifolium,Endangered,Endangered,Iowa
Velvetleaf blueberry,Vaccinium myrtilloides,Endangered,Endangered,Iowa
American brookline,Veronica americana,Endangered,Endangered,Iowa
Maple-leaved arrowwood,Viburnum acerifolium,Endangered,Endangered,Iowa
Spurred violet,Viola adunca,Endangered,Endangered,Iowa
Large-leaved violet,Viola blanda,Endangered,Endangered,Iowa
Frost grape,Vitis vulpina,Endangered,Endangered,Iowa
Rusty woodsia,Woodsia ilvensis,Endangered,Endangered,Iowa
Oregon woodsia,Woodsia oregana,Endangered,Endangered,Iowa
Slender three-seeded mercury,Acalypha gracilens,Threatened,Threatened,Iowa
Northern wild monkshood,Aconitum noveboracense,Threatened,Threatened,Iowa
Round-stemmed false foxglove,Agalinis gattingeri,Threatened,Threatened,Iowa
Inland serviceberry,Amelanchier interior,Threatened,Threatened,Iowa
Fragrant false indigo,Amorpha nana,Threatened,Threatened,Iowa
Woolly milkweed,Asclepias lanuginosa,Threatened,Threatened,Iowa
Oval-leaved milkweed,Asclepias ovalifolia,Threatened,Threatened,Iowa
Narrow-leaved milkweed,Asclepias stenophylla,Threatened,Threatened,Iowa
Pawpaw,Asimina triloba,Threatened,Threatened,Iowa
Water parsnip,Berula erecta,Threatened,Threatened,Iowa
Watershield,Brasenia schreberi,Threatened,Threatened,Iowa
Poppy mallow,Callirhoe triangulata,Threatened,Threatened,Iowa
Water-starwort,Callitriche heterophylla,Threatened,Threatened,Iowa
Low bindweed,Calystegia spithamaea,Threatened,Threatened,Iowa
Assiniboine sedge,Carex assininboinensis,Threatened,Threatened,Iowa
Carey’s sedge,Carex careyana,Threatened,Threatened,Iowa
Fibrous-root sedge,Carex communis,Threatened,Threatened,Iowa
Spreading sedge,Carex laxiculmis,Threatened,Threatened,Iowa
Delicate sedge,Carex leptalea,Threatened,Threatened,Iowa
Yellow sedge,Carex lurida,Threatened,Threatened,Iowa
Sterile sedge,Carex sterilis,Threatened,Threatened,Iowa
Quill sedge,Carex tenera,Threatened,Threatened,Iowa
Shaved sedge,Carex tonsa,Threatened,Threatened,Iowa
Wood’s sedge,Carex woodii,Threatened,Threatened,Iowa
Pink turtlehead,Chelone obliqua,Threatened,Threatened,Iowa
Marsh cinquefoil,Comarum palustre,Threatened,Threatened,Iowa
Dayflower,Commelina erecta,Threatened,Threatened,Iowa
Bunchberry,Cornus canadensis,Threatened,Threatened,Iowa
Fireberry hawthorn,Crataegus chrysocarpa,Threatened,Threatened,Iowa
Waxy-fruited hawthorn,Crataegus pruinosa,Threatened,Threatened,Iowa
Showy lady’s slipper,Cypripedium reginae,Threatened,Threatened,Iowa
Shrubby cinquefoil,Dasiphora fruticosa,Threatened,Threatened,Iowa
Silvery spleenwort,Deparia acrostichoides,Threatened,Threatened,Iowa
Northern panic-grass,Dichanthelium boreale,Threatened,Threatened,Iowa
Slim-leaved panic-grass,Dichanthelium linearifolium,Threatened,Threatened,Iowa
Narrow-leaved spleenwort,Diplazium pynocarpon,Threatened,Threatened,Iowa
Glandular wood fern,Dryopteris intermedia,Threatened,Threatened,Iowa
Oval spikerush,Eleocharis ovata,Threatened,Threatened,Iowa
Woodland horsetail,Equisetum sylvaticum,Threatened,Threatened,Iowa
Yellow trout lily,Erythronium americanum,Threatened,Threatened,Iowa
Upland boneset,Eupatorium sessilifolium,Threatened,Threatened,Iowa
Slender fimbry,Fimbristylis autumnalis,Threatened,Threatened,Iowa
Blue ash,Fraxinus quadrangulata,Threatened,Threatened,Iowa
Bog bedstraw,Galium labradoricum,Threatened,Threatened,Iowa
Oak fern,Gymnocarpium dryopteris,Threatened,Threatened,Iowa
Needle-and-thread grass,Hesperostipa comata,Threatened,Threatened,Iowa
Green violet,Hybanthus concolor,Threatened,Threatened,Iowa
Winterberry,Ilex verticillata,Threatened,Threatened,Iowa
Twinleaf,Jeffersonia diphylla,Threatened,Threatened,Iowa
Green rush,Juncus greenii,Threatened,Threatened,Iowa
Dwarf dandelion,Krigia virginica,Threatened,Threatened,Iowa
Prairie bush clover,Lespedeza leptostachya,Threatened,Threatened,Iowa
Cleft conobea,Leucospora multifida,Threatened,Threatened,Iowa
Twinflower,Linnaea borealis,Threatened,Threatened,Iowa
Whiskbroom parsley,Lomatium foeniculaceum,Threatened,Threatened,Iowa
Western parsley,Lomatium orientale,Threatened,Threatened,Iowa
Running clubmoss,Lycopodium clavatum,Threatened,Threatened,Iowa
Bunchflower,Melanthium virginicum,Threatened,Threatened,Iowa
Ten-petaled blazingstar,Mentzelia decapetala,Threatened,Threatened,Iowa
Bog buckbean,Menyanthes trifoliata,Threatened,Threatened,Iowa
Northern lungwort,Mertensia paniculata,Threatened,Threatened,Iowa
Rock sandwort,Minuartia michauxii,Threatened,Threatened,Iowa
Pinesap,Monotropa hypopithys,Threatened,Threatened,Iowa
Southern adder’s-tongue,Ophioglossum vulgatum,Threatened,Threatened,Iowa
Royal fern,Osmunda regalis,Threatened,Threatened,Iowa
Purple cliffbrake,Pellaea atropurpurea,Threatened,Threatened,Iowa
White beardtongue,Penstemon albidus,Threatened,Threatened,Iowa
Broad beech fern,Phegopteris hexagonoptera,Threatened,Threatened,Iowa
Northern bog orchid,Platanthera aquilonis,Threatened,Threatened,Iowa
Western prairie fringed orchid,Platanthera praeclara,Threatened,Threatened,Iowa
Purple fringed orchid,Platanthera psycodes,Threatened,Threatened,Iowa
Bog bluegrass,Poa paludigena,Threatened,Threatened,Iowa
Nodding rattlesnake-root,Prenanthes crepidinea,Threatened,Threatened,Iowa
Canada plum,Prunus nigra,Threatened,Threatened,Iowa
Sand cherry,Prunus pumila,Threatened,Threatened,Iowa
Pink shinleaf,Pyrola asarifolia,Threatened,Threatened,Iowa
Meadow beauty,Rhexia virginica,Threatened,Threatened,Iowa
Northern currant,Ribes hudsonianum,Threatened,Threatened,Iowa
Wood’s rose,Rosa woodsii,Threatened,Threatened,Iowa
Garden dewberry,Rubus aboriginum,Threatened,Threatened,Iowa
Short-stalked dewberry,Rubus curtipes,Threatened,Threatened,Iowa
Southern dewberry,Rubus enslenii,Threatened,Threatened,Iowa
Iron River dewberry,Rubus ferrofluvius,Threatened,Threatened,Iowa
Common dewberry,Rubus flagellaris,Threatened,Threatened,Iowa
Fuller’s bristly dewberry,Rubus fulleri,Threatened,Threatened,Iowa
Downy dewberry,Rubus satis,Threatened,Threatened,Iowa
Widgeon grass,Ruppia cirrhosa,Threatened,Threatened,Iowa
Bog willow,Salix pedicellaris,Threatened,Threatened,Iowa
Leathery grapefern,Sceptridium multifidum,Threatened,Threatened,Iowa
Low nutrush,Scleria verticillata,Threatened,Threatened,Iowa
Buffaloberry,Sheperdia argentea,Threatened,Threatened,Iowa
Scarlet globemallow,Sphaeralcea coccinea,Threatened,Threatened,Iowa
Rush aster,Symphyotrichum boreale,Threatened,Threatened,Iowa
Large arrowgrass,Triglochin maritima,Threatened,Threatened,Iowa
Small arrowgrass,Triglochin palustris,Threatened,Threatened,Iowa
Black arrowwood,Viburnum molle,Threatened,Threatened,Iowa
Lance-leaved violet,Viola lanceolata,Threatened,Threatened,Iowa
Macloskey’s violet,Viola macloskeyi,Threatened,Threatened,Iowa
Kidney-leaved violet,Viola renifolia,Threatened,Threatened,Iowa
Summer grape,Vitis aestivalis,Threatened,Threatened,Iowa
Yellow-eyed grass,Xyris torta,Threatened,Threatened,Iowa
